{
  "state": {
    "mean": [
      0.014439692720770836,
      0.2648945152759552,
      0.7515148520469666,
      0.2264138162136078,
      -0.05565657094120979,
      0.3178709149360657,
      0.250210165977478
    ],
    "std": [
      0.09598881751298904,
      0.37547004222869873,
      0.13956239819526672,
      0.503878116607666,
      0.6059278249740601,
      0.29769033193588257,
      0.2689431309700012
    ],
    "min": [
      -0.12858332693576813,
      -0.04674021899700165,
      0.6126500368118286,
      -0.6348202228546143,
      -0.6320092678070068,
      -0.2957792282104492,
      -0.32497987151145935
    ],
    "max": [
      0.25791454315185547,
      0.9421486854553223,
      1.0008809566497803,
      0.6359065771102905,
      0.9238976240158081,
      0.5557122230529785,
      0.5371119976043701
    ]
  },
  "actions": {
    "mean": [
      -0.0006298758089542389,
      -0.002434861846268177,
      -0.0002239714376628399,
      0.010912440717220306,
      -0.003127120668068528,
      0.0070760827511549,
      -4.787697980646044e-05
    ],
    "std": [
      0.0019232170889154077,
      0.0027760195080190897,
      0.0024588308297097683,
      0.5242747664451599,
      0.005203214008361101,
      0.061966635286808014,
      0.000178022455656901
    ],
    "min": [
      -0.004581324756145477,
      -0.0075969398021698,
      -0.0024594664573669434,
      -6.272493839263916,
      -0.010438578203320503,
      -0.04200737178325653,
      -0.0010417919838801026
    ],
    "max": [
      0.0022623874247074127,
      0.00018667802214622498,
      0.00834125280380249,
      6.282063007354736,
      0.009706688113510609,
      0.8894591927528381,
      0.0001568142615724355
    ]
  }
}