{
  "state": {
    "mean": [
      1.0101217031478882,
      0.16961729526519775,
      0.06744397431612015,
      -1.5770736932754517,
      -0.0003381046117283404,
      1.56982421875,
      -0.7852998375892639,
      0.03999932110309601,
      0.03999856114387512
    ],
    "std": [
      0.384223610162735,
      0.18492011725902557,
      0.11592084169387817,
      0.0003054398694075644,
      6.675223994534463e-05,
      0.00017583894077688456,
      5.882891400688095e-06,
      3.365851398484665e-06,
      3.2417819966212846e-06
    ],
    "min": [
      0.2467304915189743,
      0.006581325549632311,
      -0.0016047315439209342,
      -1.5779452323913574,
      -0.0005270381225273013,
      1.569649338722229,
      -0.7853118777275085,
      0.03998798877000809,
      0.03998219594359398
    ],
    "max": [
      1.3009475469589233,
      0.4091640114784241,
      0.29886218905448914,
      -1.5757242441177368,
      -0.00019167140999343246,
      1.5700900554656982,
      -0.7852826714515686,
      0.040014203637838364,
      0.04000028222799301
    ]
  },
  "actions": {
    "mean": [
      1.0390547513961792,
      0.1724850982427597,
      0.0754438191652298,
      -1.570788860321045,
      0.0,
      1.570788860321045,
      -0.7853005528450012,
      255.0
    ],
    "std": [
      0.3678438663482666,
      0.18707583844661713,
      0.12309117615222931,
      1.1920928955078125e-06,
      0.0,
      1.1920928955078125e-06,
      5.364418029785156e-07,
      0.0
    ],
    "min": [
      0.25,
      0.0,
      0.0,
      -1.5707900524139404,
      0.0,
      1.5707900524139404,
      -0.7853000164031982,
      255.0
    ],
    "max": [
      1.2999999523162842,
      0.4000000059604645,
      0.30000001192092896,
      -1.5707900524139404,
      0.0,
      1.5707900524139404,
      -0.7853000164031982,
      255.0
    ]
  }
}