{
  "state": {
    "mean": [
      0.02650107443332672,
      0.26199954748153687,
      0.7518627047538757,
      0.253933846950531,
      -0.050096992403268814,
      0.32563456892967224,
      0.2505086362361908
    ],
    "std": [
      0.09441309422254562,
      0.377718985080719,
      0.1382555365562439,
      0.5097289681434631,
      0.5922148823738098,
      0.29565274715423584,
      0.2574152946472168
    ],
    "min": [
      -0.12858332693576813,
      -0.0575508177280426,
      0.6126500368118286,
      -0.6463131308555603,
      -0.6459102630615234,
      -0.2957792282104492,
      -0.32497987151145935
    ],
    "max": [
      0.25791454315185547,
      0.9421486854553223,
      1.0008809566497803,
      0.6594279408454895,
      0.9238976240158081,
      0.5656936764717102,
      0.5371119976043701
    ]
  },
  "actions": {
    "mean": [
      -0.0005868225707672536,
      -0.002449351828545332,
      -0.00024715339532122016,
      0.011129575781524181,
      -0.00305145769380033,
      0.007029145956039429,
      -4.6922061301302165e-05
    ],
    "std": [
      0.0019220367539674044,
      0.0027853180654346943,
      0.002388503635302186,
      0.4314001202583313,
      0.005167088005691767,
      0.0440332293510437,
      0.0001733712269924581
    ],
    "min": [
      -0.004581324756145477,
      -0.007643222808837891,
      -0.0024594664573669434,
      -6.272493839263916,
      -0.010438578203320503,
      -0.04200737178325653,
      -0.0012142810737714171
    ],
    "max": [
      0.0025076773017644882,
      0.00018667802214622498,
      0.00834125280380249,
      6.282063007354736,
      0.009706688113510609,
      0.8894591927528381,
      0.0001568142615724355
    ]
  }
}